Order ID,Cl. Ord. ID,Instrument,Side,Exec Status,Quantity,Price,Reason,Transaction Time
ord1,aa1,Lavender,2,Reject,10,8.00,Invalid size,2023.09.03-22.13.54.793
ord2,aa2,Tulip,1,Reject,10,59.00,Invalid size,2023.09.03-22.13.54.794
ord3,aa3,Lavender,2,Reject,90,0.00,Invalid price,2023.09.03-22.13.54.794
ord4,aa4,Tulip,2,Reject,10,32.00,Invalid size,2023.09.03-22.13.54.794
ord5,aa5,Tulip,2,New,100,27.00,,2023.09.03-22.13.54.794
ord6,aa6, ,1,Reject,80,16.00,Invalid instrument,2023.09.03-22.13.54.794
ord7,aa7, ,1,Reject,50,198.00,Invalid instrument,2023.09.03-22.13.54.794
ord8,aa8,Tulip,1,Fill,100,27.00,,2023.09.03-22.13.54.794
ord5,aa5,Tulip,2,Fill,100,27.00,,2023.09.03-22.13.54.795
ord9,aa9,Lavender,1,New,70,23.00,,2023.09.03-22.13.54.795
ord10,aa10,Rose,2,New,70,50.00,,2023.09.03-22.13.54.795
ord11,aa11,Orchid,2,New,30,113.00,,2023.09.03-22.13.54.795
ord12,aa12, ,2,Reject,100,146.00,Invalid instrument,2023.09.03-22.13.54.795
ord13,aa13,Tulip,2,New,20,86.00,,2023.09.03-22.13.54.795
ord14,aa14, ,2,Reject,80,118.00,Invalid instrument,2023.09.03-22.13.54.795
ord15,aa15, ,2,Reject,60,114.00,Invalid instrument,2023.09.03-22.13.54.795
ord16,aa16,Lavender,2,New,80,82.00,,2023.09.03-22.13.54.795
ord17,aa17,Tulip,1,PFill,20,86.00,,2023.09.03-22.13.54.795
ord13,aa13,Tulip,2,Fill,20,86.00,,2023.09.03-22.13.54.795
ord18,aa18,Lotus,2,New,30,61.00,,2023.09.03-22.13.54.796
ord19,aa19,Lavender,2,New,90,81.00,,2023.09.03-22.13.54.796
ord20,aa20,Orchid,1,New,80,74.00,,2023.09.03-22.13.54.796
ord21,aa21,Lavender,2,Fill,70,23.00,,2023.09.03-22.13.54.796
ord9,aa9,Lavender,1,Fill,70,23.00,,2023.09.03-22.13.54.796
ord22,aa22, ,1,Reject,80,84.00,Invalid instrument,2023.09.03-22.13.54.796
ord23,aa23,Lavender,2,New,70,114.00,,2023.09.03-22.13.54.796
ord24,aa24,Lavender,1,New,50,14.00,,2023.09.03-22.13.54.796
ord25,aa25,Rose,1,New,20,6.00,,2023.09.03-22.13.54.796
ord26,aa26, ,2,Reject,20,173.00,Invalid instrument,2023.09.03-22.13.54.796
ord27,aa27,Lotus,2,New,30,70.00,,2023.09.03-22.13.54.796
ord28,aa28,Rose,2,New,60,45.00,,2023.09.03-22.13.54.796
ord29,aa29,Tulip,2,Fill,60,100.00,,2023.09.03-22.13.54.797
ord17,aa17,Tulip,1,PFill,60,100.00,,2023.09.03-22.13.54.797
ord30,aa30,Lotus,2,New,40,170.00,,2023.09.03-22.13.54.797
ord31,aa31,Lavender,2,New,50,196.00,,2023.09.03-22.13.54.797
ord32,aa32,Rose,2,Reject,10,41.00,Invalid size,2023.09.03-22.13.54.797
ord33,aa33,Lavender,2,New,70,32.00,,2023.09.03-22.13.54.797
ord34,aa34,Tulip,2,Reject,10,169.00,Invalid size,2023.09.03-22.13.54.797
ord35,aa35,Tulip,1,New,60,41.00,,2023.09.03-22.13.54.797
ord36,aa36,Rose,1,Reject,10,175.00,Invalid size,2023.09.03-22.13.54.797
ord37,aa37, ,1,Reject,20,72.00,Invalid instrument,2023.09.03-22.13.54.797
ord38,aa38,Lavender,2,New,60,183.00,,2023.09.03-22.13.54.797
ord39,aa39,Orchid,2,New,20,164.00,,2023.09.03-22.13.54.797
ord40,aa40,Lavender,2,Reject,10,18.00,Invalid size,2023.09.03-22.13.54.797
ord41,aa41,Tulip,1,New,90,33.00,,2023.09.03-22.13.54.797
ord42,aa42, ,2,Reject,80,49.00,Invalid instrument,2023.09.03-22.13.54.797
ord43,aa43, ,2,Reject,30,118.00,Invalid instrument,2023.09.03-22.13.54.797
ord44,aa44,Rose,1,PFill,60,45.00,,2023.09.03-22.13.54.797
ord28,aa28,Rose,2,Fill,60,45.00,,2023.09.03-22.13.54.797
ord44,aa44,Rose,1,Fill,10,50.00,,2023.09.03-22.13.54.797
ord10,aa10,Rose,2,PFill,10,50.00,,2023.09.03-22.13.54.797
ord45,aa45, ,1,Reject,100,54.00,Invalid instrument,2023.09.03-22.13.54.797
ord46,aa46,Rose,2,New,40,145.00,,2023.09.03-22.13.54.798
ord47,aa47,Orchid,2,New,30,181.00,,2023.09.03-22.13.54.798
ord48,aa48,Lavender,2,New,20,122.00,,2023.09.03-22.13.54.798
ord49,aa49,Lavender,1,PFill,70,32.00,,2023.09.03-22.13.54.798
ord33,aa33,Lavender,2,Fill,70,32.00,,2023.09.03-22.13.54.798
ord49,aa49,Lavender,1,Fill,30,81.00,,2023.09.03-22.13.54.798
ord19,aa19,Lavender,2,PFill,30,81.00,,2023.09.03-22.13.54.798
ord50,aa50, ,1,Reject,10,11.00,Invalid instrument,2023.09.03-22.13.54.798
ord51,aa51, ,2,Reject,40,29.00,Invalid instrument,2023.09.03-22.13.54.798
ord52,aa52,Roseee,2,Reject,50,176.00,Invalid instrument,2023.09.03-22.13.54.798
ord53,aa53,Lotus,1,PFill,30,61.00,,2023.09.03-22.13.54.798
ord18,aa18,Lotus,2,Fill,30,61.00,,2023.09.03-22.13.54.798
ord53,aa53,Lotus,1,Fill,30,70.00,,2023.09.03-22.13.54.798
ord27,aa27,Lotus,2,Fill,30,70.00,,2023.09.03-22.13.54.798
ord54,aa54,Lavender,1,New,80,74.00,,2023.09.03-22.13.54.798
ord55,aa55,Lavender,1,Fill,20,81.00,,2023.09.03-22.13.54.798
ord19,aa19,Lavender,2,PFill,20,81.00,,2023.09.03-22.13.54.798
ord56,aa56,Lavender,2,New,60,174.00,,2023.09.03-22.13.54.798
ord57,aa57,Lotus,1,PFill,40,170.00,,2023.09.03-22.13.54.798
ord30,aa30,Lotus,2,Fill,40,170.00,,2023.09.03-22.13.54.798
ord58,aa58,Lavender,1,Fill,20,81.00,,2023.09.03-22.13.54.798
ord19,aa19,Lavender,2,PFill,20,81.00,,2023.09.03-22.13.54.799
ord59,aa59, ,2,Reject,30,139.00,Invalid instrument,2023.09.03-22.13.54.799
ord60,aa60, ,2,Reject,60,44.00,Invalid instrument,2023.09.03-22.13.54.799
ord61,aa61, ,2,Reject,60,59.00,Invalid instrument,2023.09.03-22.13.54.799
ord62,aa62,Orchid,2,Fill,80,74.00,,2023.09.03-22.13.54.799
ord20,aa20,Orchid,1,PFill,80,74.00,,2023.09.03-22.13.54.799
ord63,aa63,Orchid,1,PFill,30,113.00,,2023.09.03-22.13.54.799
ord11,aa11,Orchid,2,Fill,30,113.00,,2023.09.03-22.13.54.799
ord64,aa64,Lotus,1,New,40,196.00,,2023.09.03-22.13.54.799
ord65,aa65,Tulip,2,PFill,20,100.00,,2023.09.03-22.13.54.799
ord17,aa17,Tulip,1,Fill,20,100.00,,2023.09.03-22.13.54.799
ord66,aa66,Lotus,1,Reject,10,101.00,Invalid size,2023.09.03-22.13.54.799
ord67,aa67,Tulip,1,Fill,70,67.00,,2023.09.03-22.13.54.799
ord65,aa65,Tulip,2,Fill,70,67.00,,2023.09.03-22.13.54.799
ord68,aa68, ,2,Reject,80,188.00,Invalid instrument,2023.09.03-22.13.54.799
ord69,aa69, ,1,Reject,30,118.00,Invalid instrument,2023.09.03-22.13.54.799
ord70,aa70,Tulip,2,New,60,111.00,,2023.09.03-22.13.54.799
ord71,aa71,Lavender,1,Fill,20,81.00,,2023.09.03-22.13.54.799
ord19,aa19,Lavender,2,Fill,20,81.00,,2023.09.03-22.13.54.799
ord72,aa72,Tulip,1,New,40,50.00,,2023.09.03-22.13.54.799
ord73,aa73,Lotus,4,Reject,90,12.00,Invalid side,2023.09.03-22.13.54.799
ord74,aa74,Tulip,2,New,100,155.00,,2023.09.03-22.13.54.799
ord75,aa75,Lavender,2,Fill,80,74.00,,2023.09.03-22.13.54.800
ord54,aa54,Lavender,1,PFill,80,74.00,,2023.09.03-22.13.54.800
ord76,aa76,Lotus,1,New,40,133.00,,2023.09.03-22.13.54.800
ord77,aa77, ,1,Reject,80,45.00,Invalid instrument,2023.09.03-22.13.54.800
ord78,aa78,Tulip,2,PFill,40,50.00,,2023.09.03-22.13.54.800
ord72,aa72,Tulip,1,Fill,40,50.00,,2023.09.03-22.13.54.800
ord78,aa78,Tulip,2,Fill,60,41.00,,2023.09.03-22.13.54.800
ord35,aa35,Tulip,1,PFill,60,41.00,,2023.09.03-22.13.54.800
ord79,aa79,Tulip,2,New,100,138.00,,2023.09.03-22.13.54.800
ord80,aa80,Lavender,1,Reject,10,125.00,Invalid size,2023.09.03-22.13.54.800
ord81,aa81, ,2,Reject,70,185.00,Invalid instrument,2023.09.03-22.13.54.800
ord82,aa82,Orchid,1,New,30,67.00,,2023.09.03-22.13.54.800
ord83,aa83,Rose,2,New,60,97.00,,2023.09.03-22.13.54.800
ord84,aa84,Lavender,2,PFill,50,74.00,,2023.09.03-22.13.54.800
ord54,aa54,Lavender,1,Fill,50,74.00,,2023.09.03-22.13.54.800
ord85,aa85,Lotus,1,New,90,190.00,,2023.09.03-22.13.54.800
ord86,aa86,Rose,2,New,40,101.00,,2023.09.03-22.13.54.800
ord87,aa87,Lotus,1,New,50,143.00,,2023.09.03-22.13.54.800
ord88,aa88,Lotus,1,New,80,50.00,,2023.09.03-22.13.54.800
ord89,aa89,Rose,1,PFill,60,50.00,,2023.09.03-22.13.54.800
ord10,aa10,Rose,2,Fill,60,50.00,,2023.09.03-22.13.54.801
ord89,aa89,Rose,1,Fill,40,97.00,,2023.09.03-22.13.54.801
ord83,aa83,Rose,2,PFill,40,97.00,,2023.09.03-22.13.54.801
ord90,aa90,Tulip,1,Fill,40,111.00,,2023.09.03-22.13.54.801
ord70,aa70,Tulip,2,PFill,40,111.00,,2023.09.03-22.13.54.801
ord91,aa91,Orchid,1,PFill,20,164.00,,2023.09.03-22.13.54.801
ord39,aa39,Orchid,2,Fill,20,164.00,,2023.09.03-22.13.54.801
ord92,aa92,Rose,2,New,70,187.00,,2023.09.03-22.13.54.801
ord93,aa93,Lavender,2,New,50,15.00,,2023.09.03-22.13.54.801
ord94,aa94,Lotus,1,New,80,28.00,,2023.09.03-22.13.54.801
ord95,aa95,Orchid,1,New,60,37.00,,2023.09.03-22.13.54.801
ord96,aa96,Lotus,2,Reject,10,56.00,Invalid size,2023.09.03-22.13.54.801
ord97,aa97,Lotus,2,PFill,40,196.00,,2023.09.03-22.13.54.802
ord64,aa64,Lotus,1,Fill,40,196.00,,2023.09.03-22.13.54.802
ord97,aa97,Lotus,2,Fill,90,190.00,,2023.09.03-22.13.54.802
ord85,aa85,Lotus,1,PFill,90,190.00,,2023.09.03-22.13.54.802
ord98,aa98,Orchid,9,Reject,70,101.00,Invalid side,2023.09.03-22.13.54.802
ord99,aa99,Tulip,2,New,60,124.00,,2023.09.03-22.13.54.802
ord100,aa100,Lavender,1,PFill,50,15.00,,2023.09.03-22.13.54.802
ord93,aa93,Lavender,2,Fill,50,15.00,,2023.09.03-22.13.54.802
ord100,aa100,Lavender,1,Fill,50,51.00,,2023.09.03-22.13.54.802
ord84,aa84,Lavender,2,Fill,50,51.00,,2023.09.03-22.13.54.802
ord101,aa101,Lavender,1,Fill,50,82.00,,2023.09.03-22.13.54.802
ord16,aa16,Lavender,2,PFill,50,82.00,,2023.09.03-22.13.54.802
ord102,aa102,Lavender,1,New,80,45.00,,2023.09.03-22.13.54.802
ord103,aa103,Lotus,1,New,70,120.00,,2023.09.03-22.13.54.802
ord104,aa104,Orchid,1,New,30,17.00,,2023.09.03-22.13.54.802
ord105,aa105,Orchid,2,Reject,10,62.00,Invalid size,2023.09.03-22.13.54.802
ord106,aa106, ,2,Reject,30,92.00,Invalid instrument,2023.09.03-22.13.54.802
ord107,aa107,Rose,2,New,90,16.00,,2023.09.03-22.13.54.802
ord108,aa108, ,2,Reject,10,57.00,Invalid instrument,2023.09.03-22.13.54.802
ord109,aa109,Tulip,2,New,70,162.00,,2023.09.03-22.13.54.802
ord110,aa110,Orchid,2,PFill,50,172.00,,2023.09.03-22.13.54.802
ord91,aa91,Orchid,1,Fill,50,172.00,,2023.09.03-22.13.54.803
ord110,aa110,Orchid,2,Fill,70,144.00,,2023.09.03-22.13.54.803
ord63,aa63,Orchid,1,PFill,70,144.00,,2023.09.03-22.13.54.803
ord111,aa111,Rose,2,New,50,50.00,,2023.09.03-22.13.54.803
ord112,aa112,Orchid,1,New,90,175.00,,2023.09.03-22.13.54.803
ord113,aa113,Lotus,2,Reject,67777,60.00,Invalid size,2023.09.03-22.13.54.803
ord114,aa114, ,1,Reject,70,-32.00,Invalid instrument,2023.09.03-22.13.54.803
ord115,aa115,Lotus,2,PFill,50,190.00,,2023.09.03-22.13.54.803
ord85,aa85,Lotus,1,Fill,50,190.00,,2023.09.03-22.13.54.803
ord115,aa115,Lotus,2,Fill,30,174.00,,2023.09.03-22.13.54.803
ord57,aa57,Lotus,1,PFill,30,174.00,,2023.09.03-22.13.54.803
ord116,aa116,Lotus,2,New,30,183.00,,2023.09.03-22.13.54.803
ord117,aa117,Lavender,2,New,80,196.00,,2023.09.03-22.13.54.803
ord118,aa118,Lotus,1,New,90,180.00,,2023.09.03-22.13.54.803
ord119,aa119,Tulip,2,Reject,10,141.00,Invalid size,2023.09.03-22.13.54.803
ord120,aa120,Lotus,1,New,70,2.00,,2023.09.03-22.13.54.803
ord121,aa121,Rose,1,Fill,50,16.00,,2023.09.03-22.13.54.803
ord107,aa107,Rose,2,PFill,50,16.00,,2023.09.03-22.13.54.803
ord122,aa122, ,2,Reject,80,27.00,Invalid instrument,2023.09.03-22.13.54.803
ord123,aa123, ,1,Reject,70,157.00,Invalid instrument,2023.09.03-22.13.54.803
ord124,aa124, ,1,Reject,40,158.00,Invalid instrument,2023.09.03-22.13.54.803
ord125,aa125,Tulip,1,New,70,12.00,,2023.09.03-22.13.54.804
ord126,aa126,Rose,1,PFill,40,16.00,,2023.09.03-22.13.54.804
ord107,aa107,Rose,2,Fill,40,16.00,,2023.09.03-22.13.54.804
ord126,aa126,Rose,1,PFill,50,50.00,,2023.09.03-22.13.54.804
ord111,aa111,Rose,2,Fill,50,50.00,,2023.09.03-22.13.54.804
ord126,aa126,Rose,1,Fill,10,97.00,,2023.09.03-22.13.54.804
ord83,aa83,Rose,2,PFill,10,97.00,,2023.09.03-22.13.54.804
ord127,aa127, ,2,Reject,50,19.00,Invalid instrument,2023.09.03-22.13.54.804
ord128,aa128,Lavender,1,Fill,30,82.00,,2023.09.03-22.13.54.804
ord16,aa16,Lavender,2,Fill,30,82.00,,2023.09.03-22.13.54.804
ord129,aa129,Rose,2,New,30,156.00,,2023.09.03-22.13.54.804
ord130,aa130,Tulip,2,PFill,20,41.00,,2023.09.03-22.13.54.804
ord35,aa35,Tulip,1,Fill,20,41.00,,2023.09.03-22.13.54.804
ord130,aa130,Tulip,2,Fill,90,33.00,,2023.09.03-22.13.54.804
ord41,aa41,Tulip,1,PFill,90,33.00,,2023.09.03-22.13.54.804
ord131,aa131, ,2,Reject,60,29.00,Invalid instrument,2023.09.03-22.13.54.804
ord132,aa132,Lotus,1,Reject,10,128.00,Invalid size,2023.09.03-22.13.54.804
ord133,aa133,Lotus,1,New,80,88.00,,2023.09.03-22.13.54.804
ord134,aa134,Tulip,2,New,30,108.00,,2023.09.03-22.13.54.804
ord135,aa135,Orchid,2,Fill,90,175.00,,2023.09.03-22.13.54.804
ord112,aa112,Orchid,1,PFill,90,175.00,,2023.09.03-22.13.54.804
ord136,aa136,Lavender,2,New,90,49.00,,2023.09.03-22.13.54.804
ord137,aa137, ,1,Reject,90,135.00,Invalid instrument,2023.09.03-22.13.54.805
ord138,aa138,Tulip,1,New,90,105.00,,2023.09.03-22.13.54.805
ord139,aa139,Orchid,2,Fill,70,175.00,,2023.09.03-22.13.54.805
ord112,aa112,Orchid,1,PFill,70,175.00,,2023.09.03-22.13.54.805
ord140,aa140,Tulip,1,PFill,30,108.00,,2023.09.03-22.13.54.805
ord134,aa134,Tulip,2,Fill,30,108.00,,2023.09.03-22.13.54.805
ord140,aa140,Tulip,1,PFill,20,111.00,,2023.09.03-22.13.54.805
ord70,aa70,Tulip,2,Fill,20,111.00,,2023.09.03-22.13.54.805
ord140,aa140,Tulip,1,Fill,40,124.00,,2023.09.03-22.13.54.805
ord99,aa99,Tulip,2,PFill,40,124.00,,2023.09.03-22.13.54.805
ord141,aa141,Lotus,1,New,50,33.00,,2023.09.03-22.13.54.805
ord142,aa142,Lotus,2,Fill,90,180.00,,2023.09.03-22.13.54.805
ord118,aa118,Lotus,1,Fill,90,180.00,,2023.09.03-22.13.54.805
ord143,aa143,Tulip,2,Fill,90,105.00,,2023.09.03-22.13.54.805
ord138,aa138,Tulip,1,PFill,90,105.00,,2023.09.03-22.13.54.805
ord144,aa144,Lavender,2,Reject,10,159.00,Invalid size,2023.09.03-22.13.54.805
ord145,aa145, ,1,Reject,40,31.00,Invalid instrument,2023.09.03-22.13.54.805
ord146,aa146,Lotus,1,New,100,42.00,,2023.09.03-22.13.54.805
ord147,aa147,Orchid,2,Reject,10,55.00,Invalid size,2023.09.03-22.13.54.805
ord148,aa148, ,2,Reject,10,182.00,Invalid instrument,2023.09.03-22.13.54.805
ord149,aa149,Tulip,2,Reject,10,171.00,Invalid size,2023.09.03-22.13.54.805
ord150,aa150,Orchid,2,New,30,190.00,,2023.09.03-22.13.54.806
ord151,aa151,Rose,1,New,40,29.00,,2023.09.03-22.13.54.806
ord152,aa152, ,1,Reject,100,163.00,Invalid instrument,2023.09.03-22.13.54.806
ord153,aa153,Lotus,2,PFill,10,174.00,,2023.09.03-22.13.54.806
ord57,aa57,Lotus,1,Fill,10,174.00,,2023.09.03-22.13.54.806
ord153,aa153,Lotus,2,Fill,50,143.00,,2023.09.03-22.13.54.806
ord87,aa87,Lotus,1,PFill,50,143.00,,2023.09.03-22.13.54.806
ord154,aa154,Orchid,2,PFill,10,175.00,,2023.09.03-22.13.54.806
ord112,aa112,Orchid,1,Fill,10,175.00,,2023.09.03-22.13.54.806
ord155,aa155,Lavender,2,Reject,30,-21.00,Invalid price,2023.09.03-22.13.54.806
ord156,aa156,Rose,2,New,50,167.00,,2023.09.03-22.13.54.806
ord157,aa157,Orchid,2,New,30,152.00,,2023.09.03-22.13.54.806
ord158,aa158,Lotus,2,PFill,30,143.00,,2023.09.03-22.13.54.806
ord87,aa87,Lotus,1,Fill,30,143.00,,2023.09.03-22.13.54.806
ord158,aa158,Lotus,2,Fill,40,133.00,,2023.09.03-22.13.54.806
ord76,aa76,Lotus,1,PFill,40,133.00,,2023.09.03-22.13.54.806
ord159,aa159,Tulip,2,Reject,10,78.00,Invalid size,2023.09.03-22.13.54.806
ord160,aa160, ,2,Reject,30,156.00,Invalid instrument,2023.09.03-22.13.54.806
ord161,aa161,Lavender,2,Fill,80,45.00,,2023.09.03-22.13.54.806
ord102,aa102,Lavender,1,PFill,80,45.00,,2023.09.03-22.13.54.806
ord162,aa162,Tulip,2,PFill,70,105.00,,2023.09.03-22.13.54.806
ord138,aa138,Tulip,1,Fill,70,105.00,,2023.09.03-22.13.54.806
ord163,aa163,Lavender,1,Fill,20,49.00,,2023.09.03-22.13.54.807
ord136,aa136,Lavender,2,PFill,20,49.00,,2023.09.03-22.13.54.807
ord164,aa164,Rose,1,Reject,10,25.00,Invalid size,2023.09.03-22.13.54.807
ord165,aa165, ,3,Reject,80,143.00,Invalid instrument,2023.09.03-22.13.54.807
ord166,aa166,Tulip,1,PFill,10,95.00,,2023.09.03-22.13.54.807
ord162,aa162,Tulip,2,Fill,10,95.00,,2023.09.03-22.13.54.807
ord166,aa166,Tulip,1,PFill,20,124.00,,2023.09.03-22.13.54.807
ord99,aa99,Tulip,2,Fill,20,124.00,,2023.09.03-22.13.54.807
ord166,aa166,Tulip,1,Fill,30,138.00,,2023.09.03-22.13.54.807
ord79,aa79,Tulip,2,PFill,30,138.00,,2023.09.03-22.13.54.807
ord167,aa167,Lavender,1,Fill,30,49.00,,2023.09.03-22.13.54.807
ord136,aa136,Lavender,2,PFill,30,49.00,,2023.09.03-22.13.54.807
ord168,aa168,Lotus,2,PFill,20,133.00,,2023.09.03-22.13.54.807
ord76,aa76,Lotus,1,Fill,20,133.00,,2023.09.03-22.13.54.807
ord168,aa168,Lotus,2,Fill,70,120.00,,2023.09.03-22.13.54.807
ord103,aa103,Lotus,1,PFill,70,120.00,,2023.09.03-22.13.54.807
ord169,aa169,Lavender,2,PFill,20,45.00,,2023.09.03-22.13.54.807
ord102,aa102,Lavender,1,Fill,20,45.00,,2023.09.03-22.13.54.807
ord169,aa169,Lavender,2,PFill,50,14.00,,2023.09.03-22.13.54.807
ord24,aa24,Lavender,1,Fill,50,14.00,,2023.09.03-22.13.54.807
ord170,aa170,Rose,2,New,20,42.00,,2023.09.03-22.13.54.807
ord171,aa171,Orchideq,1,Reject,100,130.00,Invalid instrument,2023.09.03-22.13.54.807
ord172,aa172,Orchid,2,New,50,188.00,,2023.09.03-22.13.54.808
ord173,aa173, ,2,Reject,30,162.00,Invalid instrument,2023.09.03-22.13.54.808
ord174,aa174, ,2,Reject,80,0.00,Invalid instrument,2023.09.03-22.13.54.808
ord175,aa175,Orchid,2,Fill,60,144.00,,2023.09.03-22.13.54.808
ord63,aa63,Orchid,1,PFill,60,144.00,,2023.09.03-22.13.54.808
ord176,aa176,Orchid,2,Reject,10,84.00,Invalid size,2023.09.03-22.13.54.808
ord177,aa177,Rose,1,Fill,20,42.00,,2023.09.03-22.13.54.808
ord170,aa170,Rose,2,Fill,20,42.00,,2023.09.03-22.13.54.808
ord178,aa178,Rose,1,New,100,52.00,,2023.09.03-22.13.54.808
ord179,aa179,Lotus,2,Reject,40,0.00,Invalid price,2023.09.03-22.13.54.808
ord180,aa180, ,1,Reject,90,130.00,Invalid instrument,2023.09.03-22.13.54.808
ord181,aa181,Orchid,2,PFill,10,144.00,,2023.09.03-22.13.54.808
ord63,aa63,Orchid,1,Fill,10,144.00,,2023.09.03-22.13.54.808
ord181,aa181,Orchid,2,PFill,60,74.00,,2023.09.03-22.13.54.808
ord20,aa20,Orchid,1,Fill,60,74.00,,2023.09.03-22.13.54.808
ord181,aa181,Orchid,2,Fill,30,67.00,,2023.09.03-22.13.54.808
ord82,aa82,Orchid,1,PFill,30,67.00,,2023.09.03-22.13.54.808
ord182,aa182,Rose,2,Fill,100,52.00,,2023.09.03-22.13.54.808
ord178,aa178,Rose,1,Fill,100,52.00,,2023.09.03-22.13.54.808
ord183,aa183,Orchid,2,New,90,152.00,,2023.09.03-22.13.54.808
ord184,aa184,Lavender,1,Reject,10,16.00,Invalid size,2023.09.03-22.13.54.809
ord185,aa185,Orchid,1,New,60,103.00,,2023.09.03-22.13.54.809
ord186,aa186,Rose,2,New,40,82.00,,2023.09.03-22.13.54.809
ord187,aa187,Tulip,1,New,30,93.00,,2023.09.03-22.13.54.809
ord188,aa188, ,1,Reject,70,20.00,Invalid instrument,2023.09.03-22.13.54.809
ord189,aa189,Orchid,1,New,30,64.00,,2023.09.03-22.13.54.809
ord190,aa190,Lavender,2,Reject,10,191.00,Invalid size,2023.09.03-22.13.54.809
ord191,aa191,Orchid,1,New,40,79.00,,2023.09.03-22.13.54.809
ord192,aa192,Orchid,1,New,50,89.00,,2023.09.03-22.13.54.809
ord193,aa193,Lavender,1,Fill,20,12.00,,2023.09.03-22.13.54.809
ord169,aa169,Lavender,2,PFill,20,12.00,,2023.09.03-22.13.54.809
ord194,aa194,Rose,1,PFill,40,82.00,,2023.09.03-22.13.54.809
ord186,aa186,Rose,2,Fill,40,82.00,,2023.09.03-22.13.54.809
ord194,aa194,Rose,1,PFill,10,97.00,,2023.09.03-22.13.54.809
ord83,aa83,Rose,2,Fill,10,97.00,,2023.09.03-22.13.54.809
ord194,aa194,Rose,1,Fill,10,101.00,,2023.09.03-22.13.54.809
ord86,aa86,Rose,2,PFill,10,101.00,,2023.09.03-22.13.54.809
ord195,aa195,Rose,1,PFill,30,101.00,,2023.09.03-22.13.54.809
ord86,aa86,Rose,2,Fill,30,101.00,,2023.09.03-22.13.54.809
ord196,aa196,Rose,1,PFill,40,145.00,,2023.09.03-22.13.54.809
ord46,aa46,Rose,2,Fill,40,145.00,,2023.09.03-22.13.54.809
ord196,aa196,Rose,1,Fill,20,156.00,,2023.09.03-22.13.54.809
ord129,aa129,Rose,2,PFill,20,156.00,,2023.09.03-22.13.54.810
ord197,aa197,Rose,2,PFill,50,143.00,,2023.09.03-22.13.54.810
ord195,aa195,Rose,1,Fill,50,143.00,,2023.09.03-22.13.54.810
ord198,aa198,Lotus,1,New,50,133.00,,2023.09.03-22.13.54.810
ord199,aa199,Orchid,2,New,30,129.00,,2023.09.03-22.13.54.810
ord200,aa200, ,2,Reject,30,4.00,Invalid instrument,2023.09.03-22.13.54.810
ord201,aa201,Rose,1,Fill,30,107.00,,2023.09.03-22.13.54.810
ord197,aa197,Rose,2,PFill,30,107.00,,2023.09.03-22.13.54.810
ord202,aa202,Rose,1,PFill,10,107.00,,2023.09.03-22.13.54.810
ord197,aa197,Rose,2,Fill,10,107.00,,2023.09.03-22.13.54.810
ord203,aa203,Orchid,2,Reject,10,121.00,Invalid size,2023.09.03-22.13.54.810
ord204,aa204,Rose,2,PFill,10,149.00,,2023.09.03-22.13.54.810
ord202,aa202,Rose,1,Fill,10,149.00,,2023.09.03-22.13.54.810
ord205,aa205,Orchid,2,New,90,175.00,,2023.09.03-22.13.54.810
ord206,aa206,Tulip,2,PFill,30,93.00,,2023.09.03-22.13.54.810
ord187,aa187,Tulip,1,Fill,30,93.00,,2023.09.03-22.13.54.810
ord207,aa207, ,2,Reject,80,36.00,Invalid instrument,2023.09.03-22.13.54.810
ord208,aa208,Orchid,1,New,100,34.00,,2023.09.03-22.13.54.810
ord209,aa209,Rose,2,New,40,87.00,,2023.09.03-22.13.54.810
ord210,aa210,Rose,1,New,40,32.00,,2023.09.03-22.13.54.810
ord211,aa211,Lavender,1,PFill,10,12.00,,2023.09.03-22.13.54.810
ord169,aa169,Lavender,2,Fill,10,12.00,,2023.09.03-22.13.54.811
ord211,aa211,Lavender,1,Fill,20,49.00,,2023.09.03-22.13.54.811
ord136,aa136,Lavender,2,PFill,20,49.00,,2023.09.03-22.13.54.811
ord212,aa212,Tulip,1,PFill,20,72.00,,2023.09.03-22.13.54.811
ord206,aa206,Tulip,2,Fill,20,72.00,,2023.09.03-22.13.54.811
ord212,aa212,Tulip,1,Fill,50,138.00,,2023.09.03-22.13.54.811
ord79,aa79,Tulip,2,PFill,50,138.00,,2023.09.03-22.13.54.811
ord213,aa213,Orchid,2,PFill,60,103.00,,2023.09.03-22.13.54.811
ord185,aa185,Orchid,1,Fill,60,103.00,,2023.09.03-22.13.54.811
ord213,aa213,Orchid,2,Fill,50,89.00,,2023.09.03-22.13.54.811
ord192,aa192,Orchid,1,PFill,50,89.00,,2023.09.03-22.13.54.811
ord214,aa214,Tulip,1,New,20,122.00,,2023.09.03-22.13.54.811
ord215,aa215,Lavender,2,New,20,96.00,,2023.09.03-22.13.54.811
ord216,aa216,Orchid,2,Reject,10,124.00,Invalid size,2023.09.03-22.13.54.811
ord217,aa217,Lotus,2,Fill,50,133.00,,2023.09.03-22.13.54.811
ord198,aa198,Lotus,1,PFill,50,133.00,,2023.09.03-22.13.54.811
ord218,aa218,Rose,2,New,80,168.00,,2023.09.03-22.13.54.811
ord219,aa219, ,2,Reject,60,51.00,Invalid instrument,2023.09.03-22.13.54.811
ord220,aa220,Lotus,2,PFill,30,133.00,,2023.09.03-22.13.54.811
ord198,aa198,Lotus,1,Fill,30,133.00,,2023.09.03-22.13.54.811
ord220,aa220,Lotus,2,PFill,20,120.00,,2023.09.03-22.13.54.811
ord103,aa103,Lotus,1,Fill,20,120.00,,2023.09.03-22.13.54.811
ord220,aa220,Lotus,2,Fill,80,88.00,,2023.09.03-22.13.54.811
ord133,aa133,Lotus,1,PFill,80,88.00,,2023.09.03-22.13.54.811
ord221,aa221,Lavender,2,New,80,98.00,,2023.09.03-22.13.54.812
ord222,aa222,Rose,1,Fill,40,87.00,,2023.09.03-22.13.54.812
ord204,aa204,Rose,2,Fill,40,87.00,,2023.09.03-22.13.54.812
ord223,aa223,Orchid,1,New,20,11.00,,2023.09.03-22.13.54.812
ord224,aa224,Rose,2,New,50,190.00,,2023.09.03-22.13.54.812
ord225,aa225, ,2,Reject,60,161.00,Invalid instrument,2023.09.03-22.13.54.812
ord226,aa226,Lotus,1,New,60,121.00,,2023.09.03-22.13.54.812
ord227,aa227,Lavender,2,New,100,83.00,,2023.09.03-22.13.54.812
ord228,aa228,Rose,2,New,20,191.00,,2023.09.03-22.13.54.812
ord229,aa229,Lavender,2,New,70,8.00,,2023.09.03-22.13.54.812
ord230,aa230,Lavender,2,New,60,188.00,,2023.09.03-22.13.54.812
ord231,aa231,Lavender,2,New,60,196.00,,2023.09.03-22.13.54.812
ord232,aa232,Lotus,2,New,60,143.00,,2023.09.03-22.13.54.812
ord233,aa233,Lavender,1,New,20,6.00,,2023.09.03-22.13.54.812
ord234,aa234,Orchid,2,Reject,10,148.00,Invalid size,2023.09.03-22.13.54.812
ord235,aa235, ,1,Reject,70,155.00,Invalid instrument,2023.09.03-22.13.54.812
ord236,aa236, ,1,Reject,60,21.00,Invalid instrument,2023.09.03-22.13.54.812
ord237,aa237,Lotus,1,New,40,24.00,,2023.09.03-22.13.54.812
ord238,aa238,Lotus,2,Fill,60,121.00,,2023.09.03-22.13.54.812
ord226,aa226,Lotus,1,PFill,60,121.00,,2023.09.03-22.13.54.812
ord239,aa239,Lotus,2,PFill,20,121.00,,2023.09.03-22.13.54.812
ord226,aa226,Lotus,1,Fill,20,121.00,,2023.09.03-22.13.54.812
ord239,aa239,Lotus,2,Fill,70,88.00,,2023.09.03-22.13.54.812
ord133,aa133,Lotus,1,PFill,70,88.00,,2023.09.03-22.13.54.812
ord240,aa240,Rose,1,New,60,18.00,,2023.09.03-22.13.54.812
ord241,aa241,Orchid,2,New,20,104.00,,2023.09.03-22.13.54.813
ord242,aa242,Orchid,1,PFill,20,104.00,,2023.09.03-22.13.54.813
ord241,aa241,Orchid,2,Fill,20,104.00,,2023.09.03-22.13.54.813
ord242,aa242,Orchid,1,PFill,30,129.00,,2023.09.03-22.13.54.813
ord199,aa199,Orchid,2,Fill,30,129.00,,2023.09.03-22.13.54.813
ord242,aa242,Orchid,1,Fill,30,152.00,,2023.09.03-22.13.54.813
ord157,aa157,Orchid,2,Fill,30,152.00,,2023.09.03-22.13.54.813
ord243,aa243, ,2,Reject,60,102.00,Invalid instrument,2023.09.03-22.13.54.813
ord244,aa244, ,2,Reject,10,111.00,Invalid instrument,2023.09.03-22.13.54.813
ord245,aa245,Lavender,1,Fill,20,8.00,,2023.09.03-22.13.54.813
ord229,aa229,Lavender,2,PFill,20,8.00,,2023.09.03-22.13.54.813
ord246,aa246,Tulip,2,PFill,20,122.00,,2023.09.03-22.13.54.813
ord214,aa214,Tulip,1,Fill,20,122.00,,2023.09.03-22.13.54.813
ord247,aa247,Lotus,1,New,60,52.00,,2023.09.03-22.13.54.813
ord248,aa248,Lotus,2,New,60,141.00,,2023.09.03-22.13.54.813
ord249,aa249,Rose,2,New,90,55.00,,2023.09.03-22.13.54.813
ord250,aa250,Rose,1,Fill,40,55.00,,2023.09.03-22.13.54.813
ord249,aa249,Rose,2,PFill,40,55.00,,2023.09.03-22.13.54.813
ord251,aa251,Tulip,2,New,50,147.00,,2023.09.03-22.13.54.813
ord252,aa252,Tulip,1,New,20,1.00,,2023.09.03-22.13.54.813
ord253,aa253,Orchid2,1,Reject,50,34.00,Invalid instrument,2023.09.03-22.13.54.814
ord254,aa254, ,1,Reject,20,80.00,Invalid instrument,2023.09.03-22.13.54.814
ord255,aa255,Lavender,2,New,50,94.00,,2023.09.03-22.13.54.814
ord256,aa256,Rose,1,Reject,30000,190.00,Invalid size,2023.09.03-22.13.54.814
ord257,aa257, ,1,Reject,40,50.00,Invalid instrument,2023.09.03-22.13.54.814
ord258,aa258,Lotus,2,Reject,10,162.00,Invalid size,2023.09.03-22.13.54.814
ord259,aa259,Rose,1,Fill,40,55.00,,2023.09.03-22.13.54.814
ord249,aa249,Rose,2,PFill,40,55.00,,2023.09.03-22.13.54.814
ord260,aa260,Tulip,1,PFill,70,92.00,,2023.09.03-22.13.54.814
ord246,aa246,Tulip,2,Fill,70,92.00,,2023.09.03-22.13.54.814
ord260,aa260,Tulip,1,Fill,20,138.00,,2023.09.03-22.13.54.814
ord79,aa79,Tulip,2,Fill,20,138.00,,2023.09.03-22.13.54.814
ord261,aa261,Rose,2,New,40,148.00,,2023.09.03-22.13.54.814
ord262,aa262,Lotus,1,PFill,60,141.00,,2023.09.03-22.13.54.814
ord248,aa248,Lotus,2,Fill,60,141.00,,2023.09.03-22.13.54.814
ord262,aa262,Lotus,1,Fill,30,143.00,,2023.09.03-22.13.54.814
ord232,aa232,Lotus,2,PFill,30,143.00,,2023.09.03-22.13.54.814
ord263,aa263,Tulip,1,New,90,84.00,,2023.09.03-22.13.54.814
ord264,aa264,Lotus,1,Reject,10,86.00,Invalid size,2023.09.03-22.13.54.814
ord265,aa265,Rose,2,New,90,179.00,,2023.09.03-22.13.54.814
ord266,aa266,Rose,1,PFill,10,55.00,,2023.09.03-22.13.54.814
ord249,aa249,Rose,2,Fill,10,55.00,,2023.09.03-22.13.54.815
ord266,aa266,Rose,1,Fill,20,87.00,,2023.09.03-22.13.54.815
ord209,aa209,Rose,2,PFill,20,87.00,,2023.09.03-22.13.54.815
ord267,aa267, ,1,Reject,20,22.00,Invalid instrument,2023.09.03-22.13.54.815
ord268,aa268,Lavender,1,PFill,50,8.00,,2023.09.03-22.13.54.815
ord229,aa229,Lavender,2,Fill,50,8.00,,2023.09.03-22.13.54.815
ord268,aa268,Lavender,1,Fill,10,49.00,,2023.09.03-22.13.54.815
ord136,aa136,Lavender,2,PFill,10,49.00,,2023.09.03-22.13.54.815
ord269,aa269,Lavender,1,PFill,10,49.00,,2023.09.03-22.13.54.815
ord136,aa136,Lavender,2,Fill,10,49.00,,2023.09.03-22.13.54.815
ord269,aa269,Lavender,1,Fill,50,83.00,,2023.09.03-22.13.54.815
ord227,aa227,Lavender,2,PFill,50,83.00,,2023.09.03-22.13.54.815
ord270,aa270,Tulip,2,Fill,90,84.00,,2023.09.03-22.13.54.815
ord263,aa263,Tulip,1,PFill,90,84.00,,2023.09.03-22.13.54.816
ord271,aa271,Lavender,2,New,40,53.00,,2023.09.03-22.13.54.816
ord272,aa272,Rose,1,New,70,44.00,,2023.09.03-22.13.54.816
ord273,aa273,Lotus,1,New,50,124.00,,2023.09.03-22.13.54.816
ord274,aa274,Rose,1,PFill,20,87.00,,2023.09.03-22.13.54.816
ord209,aa209,Rose,2,Fill,20,87.00,,2023.09.03-22.13.54.816
ord275,aa275,Lotus,1,New,40,38.00,,2023.09.03-22.13.54.816
ord276,aa276,Lotus,2,PFill,50,124.00,,2023.09.03-22.13.54.816
ord273,aa273,Lotus,1,Fill,50,124.00,,2023.09.03-22.13.54.816
ord277,aa277,Lavender,1,PFill,40,53.00,,2023.09.03-22.13.54.816
ord271,aa271,Lavender,2,Fill,40,53.00,,2023.09.03-22.13.54.816
ord277,aa277,Lavender,1,Fill,30,83.00,,2023.09.03-22.13.54.816
ord227,aa227,Lavender,2,PFill,30,83.00,,2023.09.03-22.13.54.816
ord278,aa278,Orchid,1,New,40,23.00,,2023.09.03-22.13.54.816
ord279,aa279, ,2,Reject,70,39.00,Invalid instrument,2023.09.03-22.13.54.816
ord280,aa280,Lotus,2,Fill,20,88.00,,2023.09.03-22.13.54.816
ord133,aa133,Lotus,1,Fill,20,88.00,,2023.09.03-22.13.54.816
ord281,aa281,Orchid,2,New,90,172.00,,2023.09.03-22.13.54.816
ord282,aa282,Tulip,1,Fill,20,147.00,,2023.09.03-22.13.54.816
ord251,aa251,Tulip,2,PFill,20,147.00,,2023.09.03-22.13.54.816
ord283,aa283, ,1,Reject,60,169.00,Invalid instrument,2023.09.03-22.13.54.817
ord284,aa284,Rose,1,New,80,98.00,,2023.09.03-22.13.54.817
ord285,aa285, ,2,Reject,40,23.00,Invalid instrument,2023.09.03-22.13.54.817
ord286,aa286,Lavender,2,New,90,31.00,,2023.09.03-22.13.54.817
ord287,aa287,Tulip,2,New,30,163.00,,2023.09.03-22.13.54.817
ord288,aa288,Orchid,2,Fill,40,89.00,,2023.09.03-22.13.54.817
ord192,aa192,Orchid,1,PFill,40,89.00,,2023.09.03-22.13.54.817
ord289,aa289,Orchid,2,New,50,93.00,,2023.09.03-22.13.54.817
ord290,aa290,Lotus,2,Reject,10,27.00,Invalid size,2023.09.03-22.13.54.817
ord291,aa291,Lotus,2,Reject,10,54.00,Invalid size,2023.09.03-22.13.54.817
ord292,aa292, ,2,Reject,10,147.00,Invalid instrument,2023.09.03-22.13.54.817
ord293,aa293, ,1,Reject,60,156.00,Invalid instrument,2023.09.03-22.13.54.817
ord294,aa294, ,2,Reject,50,12.00,Invalid instrument,2023.09.03-22.13.54.817
ord295,aa295,Orchid,2,New,60,182.00,,2023.09.03-22.13.54.817
ord296,aa296,Rose,1,PFill,40,148.00,,2023.09.03-22.13.54.817
ord261,aa261,Rose,2,Fill,40,148.00,,2023.09.03-22.13.54.817
ord296,aa296,Rose,1,PFill,10,156.00,,2023.09.03-22.13.54.817
ord129,aa129,Rose,2,Fill,10,156.00,,2023.09.03-22.13.54.817
ord297,aa297,Orchid,2,New,100,141.00,,2023.09.03-22.13.54.817
ord298,aa298,Tulip,1,New,100,105.00,,2023.09.03-22.13.54.817
ord299,aa299,Rose,1,New,80,63.00,,2023.09.03-22.13.54.818
ord300,aa300,Rose,6,Reject,100,52.00,Invalid side,2023.09.03-22.13.54.818
ord301,aa301,Orchid,2,PFill,10,89.00,,2023.09.03-22.13.54.818
ord192,aa192,Orchid,1,Fill,10,89.00,,2023.09.03-22.13.54.818
ord301,aa301,Orchid,2,Fill,40,79.00,,2023.09.03-22.13.54.818
ord191,aa191,Orchid,1,Fill,40,79.00,,2023.09.03-22.13.54.818
ord302,aa302,Lotus,1,Reject,10,141.00,Invalid size,2023.09.03-22.13.54.818
ord303,aa303,Rose,2,PFill,30,165.00,,2023.09.03-22.13.54.818
ord296,aa296,Rose,1,Fill,30,165.00,,2023.09.03-22.13.54.818
ord303,aa303,Rose,2,Fill,50,134.00,,2023.09.03-22.13.54.818
ord274,aa274,Rose,1,PFill,50,134.00,,2023.09.03-22.13.54.818
ord304,aa304,Lavender,1,Reject,10,73.00,Invalid size,2023.09.03-22.13.54.818
ord305,aa305,Lavender,1,Reject,10,129.00,Invalid size,2023.09.03-22.13.54.818
ord306,aa306,Lotus,2,New,30,148.00,,2023.09.03-22.13.54.818
ord307,aa307,Rose,1,New,70,153.00,,2023.09.03-22.13.54.818
ord308,aa308,Rose,2,Reject,10,51.00,Invalid size,2023.09.03-22.13.54.818
ord309,aa309,Orchid,2,New,50,71.00,,2023.09.03-22.13.54.818
ord310,aa310,Lotus,1,Reject,10,162.00,Invalid size,2023.09.03-22.13.54.818
ord311,aa311,Lavender,1,Reject,0,162.00,Invalid size,2023.09.03-22.13.54.818
ord312,aa312,Lotus,2,New,70,71.00,,2023.09.03-22.13.54.818
ord313,aa313,Tulip,2,New,100,154.00,,2023.09.03-22.13.54.819
ord314,aa314,Orchid,2,New,60,154.00,,2023.09.03-22.13.54.819
ord315,aa315,Lotus,1,Fill,20,71.00,,2023.09.03-22.13.54.819
ord312,aa312,Lotus,2,PFill,20,71.00,,2023.09.03-22.13.54.819
ord316,aa316,Orchid,1,New,20,26.00,,2023.09.03-22.13.54.819
ord317,aa317,Tulip,1,New,60,45.00,,2023.09.03-22.13.54.819
ord318,aa318,Lavender,2,New,70,170.00,,2023.09.03-22.13.54.819
ord319,aa319,Lotus,1,New,40,36.00,,2023.09.03-22.13.54.819
ord320,aa320,Tulip,1,PFill,30,147.00,,2023.09.03-22.13.54.819
ord251,aa251,Tulip,2,Fill,30,147.00,,2023.09.03-22.13.54.819
ord320,aa320,Tulip,1,Fill,20,154.00,,2023.09.03-22.13.54.819
ord313,aa313,Tulip,2,PFill,20,154.00,,2023.09.03-22.13.54.819
ord321,aa321,Lotus,1,Fill,20,71.00,,2023.09.03-22.13.54.819
ord312,aa312,Lotus,2,PFill,20,71.00,,2023.09.03-22.13.54.819
ord322,aa322, ,1,Reject,90,86.00,Invalid instrument,2023.09.03-22.13.54.819
ord323,aa323,Orchid,2,PFill,20,67.00,,2023.09.03-22.13.54.819
ord82,aa82,Orchid,1,Fill,20,67.00,,2023.09.03-22.13.54.819
ord324,aa324,Tulip,1,Fill,80,154.00,,2023.09.03-22.13.54.819
ord313,aa313,Tulip,2,Fill,80,154.00,,2023.09.03-22.13.54.819
ord325,aa325,Rose,2,Fill,70,153.00,,2023.09.03-22.13.54.819
ord307,aa307,Rose,1,Fill,70,153.00,,2023.09.03-22.13.54.819
ord326,aa326,Lotus,2,New,90,74.00,,2023.09.03-22.13.54.819
ord327,aa327,Lavender,1,Fill,80,31.00,,2023.09.03-22.13.54.819
ord286,aa286,Lavender,2,PFill,80,31.00,,2023.09.03-22.13.54.819
ord328,aa328,Lotus,1,New,20,66.00,,2023.09.03-22.13.54.819
ord329,aa329, ,2,Reject,10,42.00,Invalid instrument,2023.09.03-22.13.54.819
ord330,aa330,Lavender,1,PFill,10,31.00,,2023.09.03-22.13.54.819
ord286,aa286,Lavender,2,Fill,10,31.00,,2023.09.03-22.13.54.819
ord331,aa331,Orchid,1,Fill,30,65.00,,2023.09.03-22.13.54.819
ord323,aa323,Orchid,2,PFill,30,65.00,,2023.09.03-22.13.54.819
ord332,aa332,Orchid,2,New,80,67.00,,2023.09.03-22.13.54.821
ord333,aa333, ,2,Reject,20,53.00,Invalid instrument,2023.09.03-22.13.54.821
ord334,aa334,Lotus,2,New,50,136.00,,2023.09.03-22.13.54.821
ord335,aa335, ,2,Reject,90,128.00,Invalid instrument,2023.09.03-22.13.54.821
ord336,aa336,Rose,2,PFill,10,134.00,,2023.09.03-22.13.54.821
ord274,aa274,Rose,1,Fill,10,134.00,,2023.09.03-22.13.54.821
ord336,aa336,Rose,2,Fill,80,98.00,,2023.09.03-22.13.54.821
ord284,aa284,Rose,1,PFill,80,98.00,,2023.09.03-22.13.54.821
ord337,aa337,Rose,2,Fill,50,98.00,,2023.09.03-22.13.54.821
ord284,aa284,Rose,1,PFill,50,98.00,,2023.09.03-22.13.54.821
ord338,aa338,Rose,1,New,90,118.00,,2023.09.03-22.13.54.821
ord339,aa339,Tulip,1,Reject,10,159.00,Invalid size,2023.09.03-22.13.54.821
ord340,aa340,Rose,2,New,50,133.00,,2023.09.03-22.13.54.821
ord341,aa341,Orchid,2,PFill,30,64.00,,2023.09.03-22.13.54.821
ord189,aa189,Orchid,1,Fill,30,64.00,,2023.09.03-22.13.54.821
ord342,aa342,Tulip,1,New,90,110.00,,2023.09.03-22.13.54.821
ord343,aa343,Lotus,1,New,30,28.00,,2023.09.03-22.13.54.821
ord344,aa344,Lavender,1,New,80,77.00,,2023.09.03-22.13.54.821
ord345,aa345,Rose,1,Fill,20,133.00,,2023.09.03-22.13.54.821
ord340,aa340,Rose,2,PFill,20,133.00,,2023.09.03-22.13.54.821
ord346,aa346,Lavender,2,Fill,80,77.00,,2023.09.03-22.13.54.821
ord344,aa344,Lavender,1,PFill,80,77.00,,2023.09.03-22.13.54.822
ord347,aa347,Tulip,2,Fill,90,110.00,,2023.09.03-22.13.54.822
ord342,aa342,Tulip,1,PFill,90,110.00,,2023.09.03-22.13.54.822
ord348,aa348,Orchid,1,PFill,20,55.00,,2023.09.03-22.13.54.822
ord341,aa341,Orchid,2,Fill,20,55.00,,2023.09.03-22.13.54.822
ord348,aa348,Orchid,1,PFill,10,65.00,,2023.09.03-22.13.54.822
ord323,aa323,Orchid,2,Fill,10,65.00,,2023.09.03-22.13.54.822
ord348,aa348,Orchid,1,Fill,20,67.00,,2023.09.03-22.13.54.822
ord332,aa332,Orchid,2,PFill,20,67.00,,2023.09.03-22.13.54.822
ord349,aa349,Orchid,1,PFill,60,67.00,,2023.09.03-22.13.54.822
ord332,aa332,Orchid,2,Fill,60,67.00,,2023.09.03-22.13.54.822
ord349,aa349,Orchid,1,Fill,30,71.00,,2023.09.03-22.13.54.822
ord309,aa309,Orchid,2,PFill,30,71.00,,2023.09.03-22.13.54.822
ord350,aa350, ,1,Reject,80,21.00,Invalid instrument,2023.09.03-22.13.54.822
ord351,aa351,Rose,1,New,100,103.00,,2023.09.03-22.13.54.822
ord352,aa352,Tulip,2,PFill,10,110.00,,2023.09.03-22.13.54.822
ord342,aa342,Tulip,1,Fill,10,110.00,,2023.09.03-22.13.54.822
ord352,aa352,Tulip,2,Fill,100,105.00,,2023.09.03-22.13.54.822
ord298,aa298,Tulip,1,PFill,100,105.00,,2023.09.03-22.13.54.822
ord353,aa353,Lavender,2,Reject,10,109.00,Invalid size,2023.09.03-22.13.54.822
ord354,aa354,Tulip,1,Fill,70,155.00,,2023.09.03-22.13.54.823
ord74,aa74,Tulip,2,PFill,70,155.00,,2023.09.03-22.13.54.823
ord355,aa355,Rose,1,New,50,14.00,,2023.09.03-22.13.54.823
ord356,aa356, ,2,Reject,50,140.00,Invalid instrument,2023.09.03-22.13.54.823
ord357,aa357,Lotus,1,PFill,30,71.00,,2023.09.03-22.13.54.823
ord312,aa312,Lotus,2,Fill,30,71.00,,2023.09.03-22.13.54.823
ord357,aa357,Lotus,1,Fill,10,74.00,,2023.09.03-22.13.54.823
ord326,aa326,Lotus,2,PFill,10,74.00,,2023.09.03-22.13.54.823
ord358,aa358,Lotus,1,Reject,10,191.00,Invalid size,2023.09.03-22.13.54.823
ord359,aa359,Rose,1,New,50,22.00,,2023.09.03-22.13.54.823
ord360,aa360,Rose,1,New,90,72.00,,2023.09.03-22.13.54.823
ord361,aa361, ,2,Reject,40,186.00,Invalid instrument,2023.09.03-22.13.54.824
ord362,aa362,Rose,1,Reject,10,159.00,Invalid size,2023.09.03-22.13.54.824
ord363,aa363, ,1,Reject,100,177.00,Invalid instrument,2023.09.03-22.13.54.824
ord364,aa364,Tulip,1,New,50,5.00,,2023.09.03-22.13.54.824
ord365,aa365,Lavender,1,PFill,20,83.00,,2023.09.03-22.13.54.824
ord227,aa227,Lavender,2,Fill,20,83.00,,2023.09.03-22.13.54.824
ord365,aa365,Lavender,1,Fill,30,94.00,,2023.09.03-22.13.54.824
ord255,aa255,Lavender,2,PFill,30,94.00,,2023.09.03-22.13.54.824
ord366,aa366,Lavender,1,PFill,20,94.00,,2023.09.03-22.13.54.824
ord255,aa255,Lavender,2,Fill,20,94.00,,2023.09.03-22.13.54.824
ord366,aa366,Lavender,1,PFill,20,96.00,,2023.09.03-22.13.54.824
ord215,aa215,Lavender,2,Fill,20,96.00,,2023.09.03-22.13.54.824
ord366,aa366,Lavender,1,Fill,30,98.00,,2023.09.03-22.13.54.824
ord221,aa221,Lavender,2,PFill,30,98.00,,2023.09.03-22.13.54.824
ord367,aa367,Rose,2,Fill,90,118.00,,2023.09.03-22.13.54.824
ord338,aa338,Rose,1,PFill,90,118.00,,2023.09.03-22.13.54.824
ord368,aa368,Tulip,2,Fill,90,105.00,,2023.09.03-22.13.54.824
ord298,aa298,Tulip,1,PFill,90,105.00,,2023.09.03-22.13.54.824
ord369,aa369,Lavender,1,Fill,50,98.00,,2023.09.03-22.13.54.824
ord221,aa221,Lavender,2,Fill,50,98.00,,2023.09.03-22.13.54.824
ord370,aa370,Orchid,2,New,50,89.00,,2023.09.03-22.13.54.824
ord371,aa371, ,1,Reject,100,199.00,Invalid instrument,2023.09.03-22.13.54.825
ord372,aa372,Rose,1,Reject,10,120.00,Invalid size,2023.09.03-22.13.54.825
ord373,aa373,Lavender,2,New,70,152.00,,2023.09.03-22.13.54.825
ord374,aa374,Tulip,1,New,20,35.00,,2023.09.03-22.13.54.825
ord375,aa375, ,2,Reject,70,39.00,Invalid instrument,2023.09.03-22.13.54.825
ord376,aa376,Tulip,1,Reject,10,54.00,Invalid size,2023.09.03-22.13.54.825
ord377,aa377, ,1,Reject,50,18.00,Invalid instrument,2023.09.03-22.13.54.825
ord378,aa378,Lavender,2,New,60,191.00,,2023.09.03-22.13.54.825
ord379,aa379,Orchid,2,New,60,66.00,,2023.09.03-22.13.54.825
ord380,aa380,Orchid,1,PFill,60,66.00,,2023.09.03-22.13.54.825
ord379,aa379,Orchid,2,Fill,60,66.00,,2023.09.03-22.13.54.825
ord380,aa380,Orchid,1,PFill,20,71.00,,2023.09.03-22.13.54.825
ord309,aa309,Orchid,2,Fill,20,71.00,,2023.09.03-22.13.54.825
ord380,aa380,Orchid,1,Fill,10,89.00,,2023.09.03-22.13.54.825
ord370,aa370,Orchid,2,PFill,10,89.00,,2023.09.03-22.13.54.825
ord381,aa381,Lotus,1,Fill,40,74.00,,2023.09.03-22.13.54.825
ord326,aa326,Lotus,2,PFill,40,74.00,,2023.09.03-22.13.54.825
ord382,aa382,Rose,1,Fill,30,133.00,,2023.09.03-22.13.54.825
ord340,aa340,Rose,2,Fill,30,133.00,,2023.09.03-22.13.54.825
ord383,aa383,Tulip,2,New,70,153.00,,2023.09.03-22.13.54.825
ord384,aa384,Orchid,1,New,70,33.00,,2023.09.03-22.13.54.826
ord385,aa385,Rose,1,New,30,135.00,,2023.09.03-22.13.54.826
ord386,aa386,Lotus,1,PFill,40,74.00,,2023.09.03-22.13.54.826
ord326,aa326,Lotus,2,Fill,40,74.00,,2023.09.03-22.13.54.826
ord386,aa386,Lotus,1,PFill,20,113.00,,2023.09.03-22.13.54.826
ord276,aa276,Lotus,2,Fill,20,113.00,,2023.09.03-22.13.54.826
ord386,aa386,Lotus,1,Fill,20,136.00,,2023.09.03-22.13.54.826
ord334,aa334,Lotus,2,PFill,20,136.00,,2023.09.03-22.13.54.826
ord387,aa387,Lotus,1,New,30,91.00,,2023.09.03-22.13.54.826
ord388,aa388,Rose,2,PFill,30,135.00,,2023.09.03-22.13.54.826
ord385,aa385,Rose,1,Fill,30,135.00,,2023.09.03-22.13.54.826
ord388,aa388,Rose,2,Fill,60,118.00,,2023.09.03-22.13.54.826
ord338,aa338,Rose,1,PFill,60,118.00,,2023.09.03-22.13.54.826
ord389,aa389,Rose,1,New,70,9.00,,2023.09.03-22.13.54.826
ord390,aa390,Rose,1,New,20,9.00,,2023.09.03-22.13.54.826
ord391,aa391,Orchid,2,PFill,60,37.00,,2023.09.03-22.13.54.826
ord95,aa95,Orchid,1,Fill,60,37.00,,2023.09.03-22.13.54.826
ord391,aa391,Orchid,2,Fill,100,34.00,,2023.09.03-22.13.54.826
ord208,aa208,Orchid,1,PFill,100,34.00,,2023.09.03-22.13.54.826
ord392,aa392,Orchid,2,New,80,191.00,,2023.09.03-22.13.54.826
ord393,aa393,Lotus,1,New,80,78.00,,2023.09.03-22.13.54.826
ord394,aa394,Lavender,2,Reject,10,135.00,Invalid size,2023.09.03-22.13.54.827
ord395,aa395,Lavender,1,New,30,104.00,,2023.09.03-22.13.54.827
ord396,aa396, ,1,Reject,100,195.00,Invalid instrument,2023.09.03-22.13.54.827
ord397,aa397,Lavender,1,New,30,8.00,,2023.09.03-22.13.54.827
ord398,aa398,Tulip,2,PFill,50,105.00,,2023.09.03-22.13.54.827
ord298,aa298,Tulip,1,Fill,50,105.00,,2023.09.03-22.13.54.827
ord398,aa398,Tulip,2,Fill,40,84.00,,2023.09.03-22.13.54.827
ord263,aa263,Tulip,1,Fill,40,84.00,,2023.09.03-22.13.54.827
ord399,aa399, ,2,Reject,70,32.00,Invalid instrument,2023.09.03-22.13.54.827
ord400,aa400,Tulip,1,New,50,60.00,,2023.09.03-22.13.54.827
